NOT_animals, https://www.youtube.com/playlist?list=PLUdgyJns5kk4CqxE2m_U0jmUhLVluyAVg
NOT_vehicles, https://www.youtube.com/playlist?list=PLNHQwiFqj9P85rlcaEsYe-cE-uK-n1VKa
NOT_construction, https://www.youtube.com/playlist?list=PLGUX2N7uSFwJsful0ONVBEcbISzD7knK-
NOT_relaxing, https://www.youtube.com/playlist?list=PLpGECAvGnKuezB-u_yVFn0pRA2kUHpB5M
NOT_city, https://www.youtube.com/playlist?list=PLY0sW_63wdrJmFieOFQHX9Bs5DKi1rkh-
# ------------------------------------------------------------------------------------
VOICE_singing, https://www.youtube.com/playlist?list=PL25JVhBBh1BUJpyguS0WrFR-xxl8rKMVC
VOICE_dateline, https://www.youtube.com/playlist?list=PLA4fUiA62LMgsBhBA5H9eTJ_MxqYaJKsD
VOICE_jeopardy, https://www.youtube.com/playlist?list=PL-C_fu0ZbbDLdc3ZW5-eqkr68_dKR2OWN
VOICE_arguments, https://www.youtube.com/playlist?list=PLMATWUx3t7L9AgEifZjTVT4iiOKxzfNO6
VOICE_crazies, https://www.youtube.com/playlist?list=PLtbSrjOWdnG6LQUKjSMA00OUVv8n4-iV3
VOICE_letterman, https://www.youtube.com/playlist?list=PLQErULyJFhO9tNT2gxOCk6Xm7LxGq5lI8
VOICE_girlcode, https://www.youtube.com/playlist?list=PLG-PeTcq2CV3ttMW6LcaWa3jfJo7NoztJ
VOICE_chinese, https://www.youtube.com/playlist?list=PLfAyWdGHnLdFJnwmW_Yb4AJj5eGDlWIH4
VOICE_arabic, https://www.youtube.com/playlist?list=PLWKPdTtKr85pjFqOkp6k2s_8KvZKAAXXH
VOICE_whispering, https://www.youtube.com/playlist?list=PL0178B60ED927A8AD

